Index	PrototypeId	Name
0	0	
1	59320021692143	Entity/Inventory/PlayerInventories/StashInventories/PageProtos/AvatarGear/PlayerStashForAvatarBlackWidow.prototype
2	327624884000729736	Entity/Inventory/PlayerInventories/StashInventories/PageTemplates/PlayerStashTemplateCrafting.prototype
3	432196802860363068	Entity/Inventory/PlayerInventories/StashInventories/PageProtos/AvatarGear/PlayerStashForAvatarGambit.prototype
4	435401930403622740	Entity/Inventory/PlayerInventories/StashInventories/PageProtos/AvatarGear/PlayerStashForAvatarGreenGoblin.prototype
5	452871926400167358	Entity/Inventory/PlayerInventories/StashInventories/PageProtos/General/PlayerStashGeneral39Anniversary.prototype
6	708758664461168624	Entity/Inventory/PlayerInventories/StashInventories/PageProtos/General/PlayerStashGeneral38EternitySplinter.prototype
7	852334475647920614	Entity/Inventory/PlayerInventories/StashInventories/PageProtos/Crafting/PlayerStashCrafting06.prototype
8	915568789314875139	Entity/Inventory/PlayerInventories/StashInventories/PageProtos/AvatarGear/PlayerStashForAvatarGhostRider.prototype
9	982401239437357044	Entity/Inventory/PlayerInventories/StashInventories/PageProtos/AvatarGear/PlayerStashForAvatarSilverSurfer.prototype
10	1153008152737754774	Entity/Inventory/PlayerInventories/StashInventories/PageProtos/AvatarGear/PlayerStashForAvatarEmmaFrost.prototype
11	1409000469580425483	Entity/Inventory/PlayerInventories/StashInventories/PageProtos/General/PlayerStashGeneral29.prototype
12	1465170305371484282	Entity/Inventory/PlayerInventories/StashInventories/PageProtos/AvatarGear/PlayerStashForAvatarCaptainAmerica.prototype
13	1844035692649720071	Entity/Inventory/PlayerInventories/StashInventories/PageProtos/General/PlayerStashGeneral25.prototype
14	2004241331456452873	Entity/Inventory/PlayerInventories/StashInventories/PageProtos/General/PlayerStashGeneral36.prototype
15	2096707570698365187	Entity/Inventory/PlayerInventories/StashInventories/PageProtos/General/PlayerStashGeneral03.prototype
16	2181737718736627514	Entity/Inventory/PlayerInventories/StashInventories/PageTemplates/PlayerStashTemplate.prototype
17	2235401173183573430	Entity/Inventory/PlayerInventories/StashInventories/PageProtos/AvatarGear/PlayerStashForAvatarHawkeye.prototype
18	2260290256387713281	Entity/Inventory/PlayerInventories/StashInventories/PageProtos/General/PlayerStashGeneral10.prototype
19	2401633261788671542	Entity/Inventory/PlayerInventories/StashInventories/PageProtos/AvatarGear/PlayerStashForAvatarPunisher.prototype
20	2475050821748797421	Entity/Inventory/PlayerInventories/StashInventories/PageProtos/AvatarGear/PlayerStashForAvatarSquirrelGirl.prototype
21	2517244132365773281	Entity/Inventory/PlayerInventories/StashInventories/PageProtos/Crafting/PlayerStashCrafting01.prototype
22	3112565844452257212	Entity/Inventory/PlayerInventories/StashInventories/PageProtos/AvatarGear/PlayerStashForAvatarIronMan.prototype
23	3143121290555305523	Entity/Inventory/PlayerInventories/StashInventories/PageProtos/AvatarGear/PlayerStashForAvatarStarLord.prototype
24	3477567736873758471	Entity/Inventory/PlayerInventories/StashInventories/PageProtos/AvatarGear/PlayerStashForAvatarTaskmaster.prototype
25	3507249893849049348	Entity/Inventory/PlayerInventories/StashInventories/PageProtos/General/PlayerStashGeneral22.prototype
26	3669144365334735108	Entity/Inventory/PlayerInventories/StashInventories/PageProtos/General/PlayerStashGeneral31.prototype
27	3756589152156788996	Entity/Inventory/PlayerInventories/StashInventories/PageProtos/General/PlayerStashGeneral04.prototype
28	3919608870717171976	Entity/Inventory/PlayerInventories/StashInventories/PageProtos/General/PlayerStashGeneral17.prototype
29	3921257071071406848	Entity/Inventory/PlayerInventories/StashInventories/PageTemplates/PlayerStashTemplateForAvatar.prototype
30	4051881827778375065	Entity/Inventory/PlayerInventories/StashInventories/PageProtos/AvatarGear/PlayerStashForAvatarCarnage.prototype
31	4144697812885974788	Entity/Inventory/PlayerInventories/StashInventories/PageProtos/AvatarGear/PlayerStashForAvatarJuggernaut.prototype
32	4483482040243595528	Entity/Inventory/PlayerInventories/StashInventories/PageProtos/General/PlayerStashGeneral08.prototype
33	4670191873850813872	Entity/Inventory/PlayerInventories/StashInventories/PageProtos/AvatarGear/PlayerStashForAvatarElektra.prototype
34	4751367429711015890	Entity/Inventory/PlayerInventories/StashInventories/PageProtos/AvatarGear/PlayerStashForAvatarRocketRacoon.prototype
35	4754654897945520393	Entity/Inventory/PlayerInventories/StashInventories/PageProtos/General/PlayerStashGeneral27.prototype
36	4844134838748326424	Entity/Inventory/PlayerInventories/StashInventories/PageTemplates/PlayerStashTemplateGeneral.prototype
37	4880995028858054919	Entity/Inventory/PlayerInventories/StashInventories/PageProtos/General/PlayerStashGeneral34.prototype
38	4892038098842562166	Entity/Inventory/PlayerInventories/StashInventories/PageProtos/AvatarGear/PlayerStashForAvatarBlackBolt.prototype
39	5005110710305499393	Entity/Inventory/PlayerInventories/StashInventories/PageProtos/General/PlayerStashGeneral01.prototype
40	5130325387990673667	Entity/Inventory/PlayerInventories/StashInventories/PageProtos/General/PlayerStashGeneral12.prototype
41	5184009427900575084	Entity/Inventory/PlayerInventories/StashInventories/PageProtos/AvatarGear/PlayerStashforAvatarUltron.prototype
42	5232229161631755383	Entity/Inventory/PlayerInventories/StashInventories/PageProtos/AvatarGear/PlayerStashForAvatarLoki.prototype
43	5327751737412103054	Entity/Inventory/PlayerInventories/StashInventories/PageProtos/General/PlayerStashTeamUpGeneral02.prototype
44	6032748110516201956	Entity/Inventory/PlayerInventories/StashInventories/PageProtos/Crafting/PlayerStashCrafting04.prototype
45	6299121090591075763	Entity/Inventory/PlayerInventories/StashInventories/PageProtos/AvatarGear/PlayerStashForAvatarMagneto.prototype
46	6316204455812149205	Entity/Inventory/PlayerInventories/StashInventories/PageProtos/AvatarGear/PlayerStashForAvatarScarletWitch.prototype
47	7211129995142834442	Entity/Inventory/PlayerInventories/StashInventories/PageProtos/General/PlayerStashGeneral19.prototype
48	7279526595027283136	Entity/Inventory/PlayerInventories/StashInventories/PageProtos/AvatarGear/PlayerStashForAvatarBlade.prototype
49	7548306699062356226	Entity/Inventory/PlayerInventories/StashInventories/PageProtos/General/PlayerStashGeneral20.prototype
50	7664517456203885802	Entity/Inventory/PlayerInventories/StashInventories/PageProtos/AvatarGear/PlayerStashForAvatarRogue.prototype
51	7676335662659610886	Entity/Inventory/PlayerInventories/StashInventories/PageProtos/General/PlayerStashGeneral33.prototype
52	7731430854259912242	Entity/Inventory/PlayerInventories/StashInventories/PageProtos/AvatarGear/PlayerStashForAvatarPsylocke.prototype
53	7763630557542100320	Entity/Inventory/PlayerInventories/StashInventories/PageProtos/AvatarGear/PlayerStashForAvatarVision.prototype
54	7804364523174504710	Entity/Inventory/PlayerInventories/StashInventories/PageProtos/General/PlayerStashGeneral06.prototype
55	7808897524665429970	Entity/Inventory/PlayerInventories/StashInventories/PageProtos/AvatarGear/PlayerStashForAvatarNightcrawler.prototype
56	7929016233724946694	Entity/Inventory/PlayerInventories/StashInventories/PageProtos/General/PlayerStashGeneral15.prototype
57	7959217109681122557	Entity/Inventory/PlayerInventories/StashInventories/PageProtos/AvatarGear/PlayerStashForAvatarStorm.prototype
58	8492956145925107141	Entity/Inventory/PlayerInventories/StashInventories/PageProtos/AvatarGear/PlayerStashForAvatarCyclops.prototype
59	8525159888761990672	Entity/Inventory/PlayerInventories/StashInventories/PageProtos/AvatarGear/PlayerStashForAvatarDeadpool.prototype
60	8828099748023970275	Entity/Inventory/PlayerInventories/StashInventories/PageProtos/Crafting/PlayerStashCrafting03.prototype
61	8844180480836970668	Entity/Inventory/PlayerInventories/StashInventories/PageProtos/Unified/PlayerStashUnified.prototype
62	9206496033000336947	Entity/Inventory/PlayerInventories/StashInventories/PageProtos/AvatarGear/PlayerStashForAvatarNickFury.prototype
63	9256360341658544392	Entity/Inventory/PlayerInventories/StashInventories/PageProtos/General/PlayerStashGeneral26.prototype
64	9333241051718626428	Entity/Inventory/PlayerInventories/StashInventories/PageProtos/AvatarGear/PlayerStashForAvatarNova.prototype
65	9381588316561025288	Entity/Inventory/PlayerInventories/StashInventories/PageProtos/General/PlayerStashGeneral35.prototype
66	9433389795733810620	Entity/Inventory/PlayerInventories/StashInventories/PageProtos/AvatarGear/PlayerStashForAvatarSheHulk.prototype
67	9708718469207632132	Entity/Inventory/PlayerInventories/StashInventories/PageProtos/General/PlayerStashGeneral13.prototype
68	9817501136631836540	Entity/Inventory/PlayerInventories/StashInventories/PageProtos/AvatarGear/PlayerStashForAvatarInvisiWoman.prototype
69	9882211658858441637	Entity/Inventory/PlayerInventories/StashInventories/PageProtos/AvatarGear/PlayerStashForAvatarX23.prototype
70	10512472479892254647	Entity/Inventory/PlayerInventories/StashInventories/PageProtos/AvatarGear/PlayerStashForAvatarBlackPanther.prototype
71	10535748778928187877	Entity/Inventory/PlayerInventories/StashInventories/PageProtos/Crafting/PlayerStashCrafting05.prototype
72	10540579155076132399	Entity/Inventory/PlayerInventories/StashInventories/PageProtos/AvatarGear/PlayerStashForAvatarMsMarvel.prototype
73	10625106050843291492	Entity/Inventory/PlayerInventories/StashInventories/PageProtos/AvatarGear/PlayerStashForAvatarMrFantastic.prototype
74	10924650653464211083	Entity/Inventory/PlayerInventories/StashInventories/PageProtos/AvatarGear/PlayerStashForAvatarSpiderman.prototype
75	11278000495660117793	Entity/Inventory/PlayerInventories/StashInventories/PageProtos/AvatarGear/PlayerStashForAvatarKittyPryde.prototype
76	11677085767918366371	Entity/Inventory/PlayerInventories/StashInventories/PageProtos/AvatarGear/PlayerStashForAvatarWolverine.prototype
77	11933918090143475977	Entity/Inventory/PlayerInventories/StashInventories/PageProtos/General/PlayerStashGeneral18.prototype
78	11994062213326777865	Entity/Inventory/PlayerInventories/StashInventories/PageProtos/AvatarGear/PlayerStashForAvatarLukeCage.prototype
79	12044646730294046023	Entity/Inventory/PlayerInventories/StashInventories/PageProtos/AvatarGear/PlayerStashForAvatarAntMan.prototype
80	12199731541619452163	Entity/Inventory/PlayerInventories/StashInventories/PageProtos/General/PlayerStashGeneral21.prototype
81	12309738455474253133	Entity/Inventory/PlayerInventories/StashInventories/PageProtos/AvatarGear/PlayerStashForAvatarDrDoom.prototype
82	12324396549390084357	Entity/Inventory/PlayerInventories/StashInventories/PageProtos/General/PlayerStashGeneral32.prototype
83	12520134435456493831	Entity/Inventory/PlayerInventories/StashInventories/PageProtos/General/PlayerStashGeneral07.prototype
84	12648176490109741317	Entity/Inventory/PlayerInventories/StashInventories/PageProtos/General/PlayerStashGeneral14.prototype
85	12708114641039860241	Entity/Inventory/PlayerInventories/StashInventories/PlayerStashInventory.defaults
86	13008923154619379320	Entity/Inventory/PlayerInventories/StashInventories/PageProtos/AvatarGear/PlayerStashForAvatarDaredevil.prototype
87	13184878898888388358	Entity/Inventory/PlayerInventories/StashInventories/PageProtos/AvatarGear/PlayerStashForAvatarMoonKnight.prototype
88	13478546025230903778	Entity/Inventory/PlayerInventories/StashInventories/PageProtos/Crafting/PlayerStashCrafting02.prototype
89	13549153229294612114	Entity/Inventory/PlayerInventories/StashInventories/PageProtos/AvatarGear/PlayerStashForAvatarDrStrange.prototype
90	13746232700514413732	Entity/Inventory/PlayerInventories/StashInventories/PageTemplates/PlayerStashTemplateTeamUpGeneral.prototype
91	14749302421094346237	Entity/Inventory/PlayerInventories/StashInventories/PageProtos/AvatarGear/PlayerStashForAvatarBlackCat.prototype
92	14821290020078562845	Entity/Inventory/PlayerInventories/StashInventories/PageProtos/AvatarGear/PlayerStashForAvatarJeanGrey.prototype
93	14991814636043512717	Entity/Inventory/PlayerInventories/StashInventories/PageProtos/General/PlayerStashTeamUpGeneral01.prototype
94	15042483852863745215	Entity/Inventory/PlayerInventories/StashInventories/PageProtos/AvatarGear/PlayerStashForAvatarCable.prototype
95	15132967443404171530	Entity/Inventory/PlayerInventories/StashInventories/PageProtos/General/PlayerStashGeneral28.prototype
96	15242184706021141813	Entity/Inventory/PlayerInventories/StashInventories/PageProtos/AvatarGear/PlayerStashForAvatarIceman.prototype
97	15427361260494925366	Entity/Inventory/PlayerInventories/StashInventories/PageProtos/AvatarGear/PlayerStashForAvatarIronFist.prototype
98	15436600211587608659	Entity/Inventory/PlayerInventories/StashInventories/PageProtos/AvatarGear/PlayerStashForAvatarWinterSoldier.prototype
99	15571630505089313030	Entity/Inventory/PlayerInventories/StashInventories/PageProtos/General/PlayerStashGeneral24.prototype
100	15735191303629646090	Entity/Inventory/PlayerInventories/StashInventories/PageProtos/General/PlayerStashGeneral37.prototype
101	15895419344978323714	Entity/Inventory/PlayerInventories/StashInventories/PageProtos/General/PlayerStashGeneral02.prototype
102	15900225556748381399	Entity/Inventory/PlayerInventories/StashInventories/PageProtos/AvatarGear/PlayerStashForAvatarBeast.prototype
103	16055602890471844098	Entity/Inventory/PlayerInventories/StashInventories/PageProtos/General/PlayerStashGeneral11.prototype
104	16820812446178159853	Entity/Inventory/PlayerInventories/StashInventories/PageProtos/AvatarGear/PlayerStashForAvatarVenom.prototype
105	16881835758106914001	Entity/Inventory/PlayerInventories/StashInventories/PageProtos/AvatarGear/PlayerStashForAvatarMagik.prototype
106	16906532314729033008	Entity/Inventory/PlayerInventories/StashInventories/PageProtos/AvatarGear/PlayerStashForAvatarAngela.prototype
107	17136516014004186881	Entity/Inventory/PlayerInventories/StashInventories/PageProtos/AvatarGear/PlayerStashForAvatarHumanTorch.prototype
108	17209872938403638405	Entity/Inventory/PlayerInventories/StashInventories/PageProtos/AvatarGear/PlayerStashForAvatarThor.prototype
109	17375625075598895365	Entity/Inventory/PlayerInventories/StashInventories/PageProtos/General/PlayerStashGeneral23.prototype
110	17467867243750108386	Entity/Inventory/PlayerInventories/StashInventories/PageProtos/AvatarGear/PlayerStashForAvatarThing.prototype
111	17538622907001612547	Entity/Inventory/PlayerInventories/StashInventories/PageProtos/General/PlayerStashGeneral30.prototype
112	17554049597200411772	Entity/Inventory/PlayerInventories/StashInventories/PageProtos/AvatarGear/PlayerStashForAvatarHulk.prototype
113	17642666236092755687	Entity/Inventory/PlayerInventories/StashInventories/PageProtos/AvatarGear/PlayerStashForAvatarWarMachine.prototype
114	17702746535234578693	Entity/Inventory/PlayerInventories/StashInventories/PageProtos/General/PlayerStashGeneral05.prototype
115	17864618913409935623	Entity/Inventory/PlayerInventories/StashInventories/PageProtos/General/PlayerStashGeneral16.prototype
116	18090481622451301955	Entity/Inventory/PlayerInventories/StashInventories/PageProtos/AvatarGear/PlayerStashForAvatarColossus.prototype
117	18426012684217166089	Entity/Inventory/PlayerInventories/StashInventories/PageProtos/General/PlayerStashGeneral09.prototype
